Order_ID,Order_Date,Customer_Name,Segment,Region,State,City,Product_Name,Category,Quantity,Unit_Price,Discount,Payment_Mode,Sales,Profit,Year,Month,Month_Name,Quarter,Weekday,Year_Month,Season,Quarter_Label,Is_Weekend,Profit_Margin,Discount_Band,Profit_Status,Revenue_Per_Unit,Profit_Per_Unit,Discount_Amount,Order_Size,Customer_Type
ORD20001,2024-01-05,Customer_A,Consumer,West,Gujarat,Ahmedabad,Laptop Stand,Technology,2,1500,10,UPI,2700,324.0,2024,1,Jan,1,Friday,2024-01,Winter,Q1,False,12.0,Low,Profit,1350.0,162.0,270.0,Small,Repeat
ORD20002,2024-01-12,Customer_B,Corporate,North,Delhi,New Delhi,Office Chair,Furniture,3,4000,5,Card,11400,912.0,2024,1,Jan,1,Friday,2024-01,Winter,Q1,False,8.0,Low,Profit,3800.0,304.0,570.0,Medium,New
ORD20004,2024-02-20,Customer_A,Consumer,West,Gujarat,Ahmedabad,Wireless Mouse,Technology,5,800,15,UPI,3400,170.0,2024,2,Feb,1,Tuesday,2024-02,Winter,Q1,False,5.0,Medium,Profit,680.0,34.0,510.0,Medium,Repeat
ORD20005,2024-03-03,Customer_D,Corporate,East,West Bengal,Kolkata,Desk,Furniture,2,6500,20,Net Banking,10400,520.0,2024,3,Mar,1,Sunday,2024-03,Summer,Q1,True,5.0,Medium,Profit,5200.0,260.0,2080.0,Small,New
ORD20006,2024-03-18,Customer_E,Consumer,North,Punjab,Ludhiana,Printer Paper,Office Supplies,20,250,5,UPI,4750,475.0,2024,3,Mar,1,Monday,2024-03,Summer,Q1,False,10.0,Low,Profit,237.5,23.75,237.5,Bulk,New
ORD20007,2024-04-02,Customer_F,Consumer,South,Tamil Nadu,Chennai,Monitor,Technology,2,12000,25,Card,18000,-900.0,2024,4,Apr,2,Tuesday,2024-04,Summer,Q2,False,-5.0,High,Loss,9000.0,-450.0,4500.0,Small,New
ORD20008,2024-04-15,Customer_G,Corporate,West,Maharashtra,Mumbai,Filing Cabinet,Furniture,4,5000,30,Net Banking,14000,-700.0,2024,4,Apr,2,Monday,2024-04,Summer,Q2,False,-5.0,High,Loss,3500.0,-175.0,4200.0,Medium,New
ORD20009,2024-05-10,Customer_H,Consumer,East,Odisha,Bhubaneswar,Keyboard,Technology,3,1200,10,UPI,3240,324.0,2024,5,May,2,Friday,2024-05,Summer,Q2,False,10.0,Low,Profit,1080.0,108.0,324.0,Medium,New
ORD20010,2024-05-22,Customer_I,Home Office,North,Haryana,Gurgaon,Desk Lamp,Furniture,6,900,0,Cash,5400,810.0,2024,5,May,2,Wednesday,2024-05,Summer,Q2,False,15.0,No Discount,Profit,900.0,135.0,0.0,Large,New
ORD20011,2024-06-07,Customer_J,Corporate,South,Kerala,Kochi,SSD,Technology,2,7500,20,Card,12000,600.0,2024,6,Jun,2,Friday,2024-06,Monsoon,Q2,False,5.0,Medium,Profit,6000.0,300.0,2400.0,Small,New
ORD20012,2024-06-21,Customer_K,Consumer,West,Rajasthan,Jaipur,Stapler Set,Office Supplies,8,300,5,UPI,2280,342.0,2024,6,Jun,2,Friday,2024-06,Monsoon,Q2,False,15.0,Low,Profit,285.0,42.75,114.0,Large,New
ORD20013,2024-07-04,Customer_L,Consumer,East,Bihar,Patna,Bookshelf,Furniture,1,8000,35,Card,5200,-1300.0,2024,7,Jul,3,Thursday,2024-07,Monsoon,Q3,False,-25.0,Very High,Loss,5200.0,-1300.0,1820.0,Small,New
ORD20014,2024-07-19,Customer_M,Corporate,North,Delhi,New Delhi,Webcam,Technology,3,3500,10,Net Banking,9450,756.0,2024,7,Jul,3,Friday,2024-07,Monsoon,Q3,False,8.0,Low,Profit,3150.0,252.0,945.0,Medium,New
ORD20015,2024-08-08,Customer_N,Home Office,West,Gujarat,Ahmedabad,Pen Set,Office Supplies,15,100,100,Cash,1485,148.5,2024,8,Aug,3,Thursday,2024-08,Monsoon,Q3,False,10.0,Very High,Profit,99.0,9.9,1485.0,Bulk,New
ORD20016,2024-08-29,Customer_O,Consumer,South,Telangana,Hyderabad,Tablet,Technology,2,18000,40,Card,21600,-2160.0,2024,8,Aug,3,Thursday,2024-08,Monsoon,Q3,False,-10.0,Very High,Loss,10800.0,-1080.0,8640.0,Small,New
ORD20017,2024-09-14,Customer_P,Corporate,East,Jharkhand,Ranchi,Drawer Unit,Furniture,2,3200,15,UPI,5440,544.0,2024,9,Sep,3,Saturday,2024-09,Monsoon,Q3,True,10.0,Medium,Profit,2720.0,272.0,816.0,Small,New
ORD20018,2024-10-03,Customer_Q,Consumer,North,UP,Lucknow,USB Hub,Technology,4,700,10,Cash,2520,252.0,2024,10,Oct,4,Thursday,2024-10,Post-Monsoon,Q4,False,10.0,Low,Profit,630.0,63.0,252.0,Medium,New
ORD20019,2024-11-11,Unknown,Consumer,West,Gujarat,Ahmedabad,Calculator,Office Supplies,5,600,20,UPI,2400,120.0,2024,11,Nov,4,Monday,2024-11,Post-Monsoon,Q4,False,5.0,Medium,Profit,480.0,24.0,480.0,Medium,New
ORD20020,2024-12-05,Customer_R,Unknown,Unknown,Unknown,Unknown,Office Table,Furniture,2,7000,25,Card,10500,210.0,2024,12,Dec,4,Thursday,2024-12,Winter,Q4,False,2.0,High,Profit,5250.0,105.0,2625.0,Small,New
ORD20021,2024-12-18,Customer_S,Consumer,West,Gujarat,Ahmedabad,Laptop Stand,Technology,2,1500,10,UPI,2700,324.0,2024,12,Dec,4,Wednesday,2024-12,Winter,Q4,False,12.0,Low,Profit,1350.0,162.0,270.0,Small,New
